from	to	length	directed
M1	M11	7.30934719717481	TRUE
M11	M12	0.20138036764594533	TRUE
M12	M2	4.002453431992498	TRUE
M2	M6	0.32161960513389665	TRUE
M2	M7	1.0160261087062674	TRUE
M12	M9	6.5124370913025	TRUE
M11	M8	0.05768709001798731	TRUE
M1	M5	1.4046240568515675	TRUE
M5	M10	10.846095633058933	TRUE
M5	M3	1.9658761618725014	TRUE
M1	M4	0.5253086601867438	TRUE
